timestamp_utc,repo,signal,value,source
2026-06-24T04:32:30Z,VinodDhiman/uagt,stars,0,GitHub REST API
2026-06-24T04:32:30Z,VinodDhiman/uagt,forks,0,GitHub REST API
2026-06-24T04:32:30Z,VinodDhiman/uagt,watchers,0,GitHub REST API
2026-06-24T04:32:30Z,VinodDhiman/uagt,network,0,GitHub REST API
2026-06-24T04:32:30Z,VinodDhiman/uagt,open_issues,0,GitHub REST API
2026-06-24T04:32:30Z,VinodDhiman/uagt,views_14d,0,GitHub Traffic API
2026-06-24T04:32:30Z,VinodDhiman/uagt,views_unique_14d,0,GitHub Traffic API
2026-06-24T04:32:30Z,VinodDhiman/uagt,clones_14d,0,GitHub Traffic API
2026-06-24T04:32:30Z,VinodDhiman/uagt,clones_unique_14d,0,GitHub Traffic API
2026-06-24T04:32:30Z,VinodDhiman/uagt,top_referrers,0,GitHub Traffic API
2026-06-24T04:32:30Z,VinodDhiman/uagt,release_downloads,0,GitHub Releases API
2026-07-01T12:35:09Z,open-ai-governance/uagt,stars,1,GitHub REST API
2026-07-01T12:35:09Z,open-ai-governance/uagt,forks,0,GitHub REST API
2026-07-01T12:35:09Z,open-ai-governance/uagt,watchers,1,GitHub REST API
2026-07-01T12:35:09Z,open-ai-governance/uagt,network,0,GitHub REST API
2026-07-01T12:35:09Z,open-ai-governance/uagt,open_issues,0,GitHub REST API
2026-07-01T12:35:09Z,open-ai-governance/uagt,release_downloads,5,GitHub Releases API
2026-07-01T12:35:09Z,open-ai-governance/uagt,zenodo_views,12,Zenodo stats
2026-07-01T12:35:09Z,open-ai-governance/uagt,zenodo_unique_views,10,Zenodo stats
2026-07-01T12:35:09Z,open-ai-governance/uagt,zenodo_downloads,3,Zenodo stats
2026-07-01T12:35:09Z,open-ai-governance/uagt,zenodo_unique_downloads,3,Zenodo stats
2026-07-15T08:02:08Z,open-ai-governance/uagt,stars,1,GitHub REST API
2026-07-15T08:02:08Z,open-ai-governance/uagt,forks,0,GitHub REST API
2026-07-15T08:02:08Z,open-ai-governance/uagt,watchers,1,GitHub REST API
2026-07-15T08:02:08Z,open-ai-governance/uagt,network,0,GitHub REST API
2026-07-15T08:02:08Z,open-ai-governance/uagt,open_issues,0,GitHub REST API
2026-07-15T08:02:08Z,open-ai-governance/uagt,release_downloads,9,GitHub Releases API
2026-07-15T08:02:08Z,open-ai-governance/uagt,zenodo_views,12,Zenodo stats
2026-07-15T08:02:08Z,open-ai-governance/uagt,zenodo_unique_views,10,Zenodo stats
2026-07-15T08:02:08Z,open-ai-governance/uagt,zenodo_downloads,3,Zenodo stats
2026-07-15T08:02:08Z,open-ai-governance/uagt,zenodo_unique_downloads,3,Zenodo stats
2026-08-01T08:13:47Z,open-ai-governance/uagt,stars,1,GitHub REST API
2026-08-01T08:13:47Z,open-ai-governance/uagt,forks,0,GitHub REST API
2026-08-01T08:13:47Z,open-ai-governance/uagt,watchers,1,GitHub REST API
2026-08-01T08:13:47Z,open-ai-governance/uagt,network,0,GitHub REST API
2026-08-01T08:13:47Z,open-ai-governance/uagt,open_issues,0,GitHub REST API
2026-08-01T08:13:47Z,open-ai-governance/uagt,release_downloads,9,GitHub Releases API
2026-08-01T08:13:47Z,open-ai-governance/uagt,zenodo_views,12,Zenodo stats
2026-08-01T08:13:47Z,open-ai-governance/uagt,zenodo_unique_views,10,Zenodo stats
2026-08-01T08:13:47Z,open-ai-governance/uagt,zenodo_downloads,3,Zenodo stats
2026-08-01T08:13:47Z,open-ai-governance/uagt,zenodo_unique_downloads,3,Zenodo stats
2026-08-15T06:30:54Z,open-ai-governance/uagt,stars,1,GitHub REST API
2026-08-15T06:30:54Z,open-ai-governance/uagt,forks,0,GitHub REST API
2026-08-15T06:30:54Z,open-ai-governance/uagt,watchers,1,GitHub REST API
2026-08-15T06:30:54Z,open-ai-governance/uagt,network,0,GitHub REST API
2026-08-15T06:30:54Z,open-ai-governance/uagt,open_issues,0,GitHub REST API
2026-08-15T06:30:54Z,open-ai-governance/uagt,release_downloads,11,GitHub Releases API
2026-08-15T06:30:54Z,open-ai-governance/uagt,zenodo_views,30,Zenodo stats
2026-08-15T06:30:54Z,open-ai-governance/uagt,zenodo_unique_views,28,Zenodo stats
2026-08-15T06:30:54Z,open-ai-governance/uagt,zenodo_downloads,3,Zenodo stats
2026-08-15T06:30:54Z,open-ai-governance/uagt,zenodo_unique_downloads,3,Zenodo stats
2026-09-15T10:58:18Z,open-ai-governance/uagt,stars,1,GitHub REST API
2026-09-15T10:58:18Z,open-ai-governance/uagt,forks,0,GitHub REST API
2026-09-15T10:58:18Z,open-ai-governance/uagt,watchers,1,GitHub REST API
2026-09-15T10:58:18Z,open-ai-governance/uagt,network,0,GitHub REST API
2026-09-15T10:58:18Z,open-ai-governance/uagt,open_issues,0,GitHub REST API
2026-09-15T10:58:18Z,open-ai-governance/uagt,release_downloads,11,GitHub Releases API
2026-09-15T10:58:18Z,open-ai-governance/uagt,zenodo_views,47,Zenodo stats
2026-09-15T10:58:18Z,open-ai-governance/uagt,zenodo_unique_views,45,Zenodo stats
2026-09-15T10:58:18Z,open-ai-governance/uagt,zenodo_downloads,4,Zenodo stats
2026-09-15T10:58:18Z,open-ai-governance/uagt,zenodo_unique_downloads,4,Zenodo stats
2026-10-01T12:21:09Z,open-ai-governance/uagt,stars,1,GitHub REST API
2026-10-01T12:21:09Z,open-ai-governance/uagt,forks,0,GitHub REST API
2026-10-01T12:21:09Z,open-ai-governance/uagt,watchers,1,GitHub REST API
2026-10-01T12:21:09Z,open-ai-governance/uagt,network,0,GitHub REST API
2026-10-01T12:21:09Z,open-ai-governance/uagt,open_issues,0,GitHub REST API
2026-10-01T12:21:09Z,open-ai-governance/uagt,release_downloads,11,GitHub Releases API
2026-10-01T12:21:09Z,open-ai-governance/uagt,zenodo_views,62,Zenodo stats
2026-10-01T12:21:09Z,open-ai-governance/uagt,zenodo_unique_views,60,Zenodo stats
2026-10-01T12:21:09Z,open-ai-governance/uagt,zenodo_downloads,6,Zenodo stats
2026-10-01T12:21:09Z,open-ai-governance/uagt,zenodo_unique_downloads,6,Zenodo stats
